wave_uid,operation,operation_label,operation_short,wave_number,wave_label,narrative,popup_summary,icon_type,timestamp_utc,timestamp_epoch,conflict_day,payload,drones_used,ballistic_missiles_used,cruise_missiles_used,estimated_munitions_count,cluster_munitions,israel_targeted,us_bases_targeted,landing_countries_iso,landing_countries,targets_description,interception_rate,intercepted_count,fatalities,injuries,damage,launch_site_description,launch_lat,launch_lon,launch_generic,target_lat,target_lon,target_generic,target_iaf_base,target_us_base,target_naval_base,target_naval_vessel,target_government_c2,target_military_industrial,target_intelligence,target_civilian_infrastructure,target_civilian_area,target_diplomatic
tp1_w01,tp1,True Promise 1 (Apr 2024),TP1,1,TP1 Wave 1 — Drone/Cruise Missile Wave,"The first wave of Iran's inaugural direct attack on Israel. Launched on the night of 13 April 2024, this wave comprised a large combined salvo of Shahed-136 drones, ballistic missiles, and cruise missiles targeting Nevatim Airbase and sites across the Negev desert and Israeli-occupied Golan Heights. The attack was widely telegraphed in advance, giving Israel, the US, UK, France, and Jordan time to coordinate a multilayered defensive response. The overwhelming majority of munitions were intercepted.",Time: 2024-04-13T19:00:00Z | Payload: 170 Shahed-136 loitering munitions and 30 Paveh cruise missiles | Munitions: 200 | Intercept rate: 0.99 | Damage: Minimal — most munitions intercepted before reaching Israeli airspace,launch,2024-04-13T19:00:00Z,1713034800000,1,170 Shahed-136 loitering munitions and 30 Paveh cruise missiles,True,False,True,200,False,True,False,IL,Israel,"Nevatim Airbase, sites in Negev desert and Israeli-occupied Golan Heights",0.99,,0,0,Minimal — most munitions intercepted before reaching Israeli airspace,Multiple sites across Iran; Shahed drones also launched from Iraq and Yemen by proxies,33.0,52.0,False,30.89,34.78,False,True,False,False,False,False,False,False,False,False,False
tp1_w02,tp1,True Promise 1 (Apr 2024),TP1,2,TP1 Wave 2 — Ballistic Missile Wave,"The second and final wave of True Promise 1, continuing the bombardment of Nevatim Airbase and the Ramon Airbase area in the Negev. This wave followed the initial drone/missile salvo by several hours, with ballistic missiles arriving after the slower drones. Minor damage was reported at Nevatim. The combined two-wave attack involved approximately 320 munitions — the largest single aerial assault in the region's history at the time. Israel's multi-tier defense (Arrow, David's Sling, Iron Dome) achieved a near-total interception rate with coalition support.","Time: 2024-04-13T23:00:00Z | Payload: 120 ballistic missiles including Emad, Ghadr (Ghadr-S/H/F variants), Kheibar Shekan, possibly Shahab-3B | Munitions: 120 | Intercept rate: 0.99 | Casualties: 0 killed, 32 wounded | Damage: Minor damage to Nevatim Airbase (base remained operational); debris fell in Arad region",launch,2024-04-13T23:00:00Z,1713049200000,1,"120 ballistic missiles including Emad, Ghadr (Ghadr-S/H/F variants), Kheibar Shekan, possibly Shahab-3B",False,True,False,120,False,True,False,IL,Israel,"Nevatim Airbase (primary), Ramon Airbase area, sites in Negev desert and Golan Heights",0.99,,0,32,Minor damage to Nevatim Airbase (base remained operational); debris fell in Arad region,IRGC Aerospace Force launch sites in western and central Iran,33.5,50.0,False,30.89,34.78,False,True,False,False,False,False,False,False,False,False,False
tp2_w01,tp2,True Promise 2 (Oct 2024),TP2,1,TP2 Wave 1 — First Ballistic Salvo,"True Promise 2 opened with a ballistic-missile-only salvo on 1 October 2024, a significant tactical shift from TP1's mixed drone/missile approach. Approximately 180–200 Emad and Ghadr ballistic missiles targeted Nevatim, Tel Nof, and Hatzerim airbases. The absence of slow-moving drones meant defenders had far less warning time. Some missiles penetrated Israeli defenses, impacting near Nevatim.","Time: 2024-10-01T16:30:00Z | Payload: Emad, Ghadr-H, Ghadr-F, Kheibar Shekan ballistic missiles | Munitions: 100 | Casualties: 1 killed, 4 wounded | Damage: Nevatim Airbase: hangar and taxiway damaged (20-32 impacts confirmed by satellite); Tel Nof Airbase: several impacts; Ge...",launch,2024-10-01T16:30:00Z,1727800200000,1,"Emad, Ghadr-H, Ghadr-F, Kheibar Shekan ballistic missiles",False,True,False,100,False,True,False,"IL, JO, PS","Israel, Jordan, Palestine","Nevatim Airbase (primary), Tel Nof Airbase, Hatzerim Airbase",,,1,4,Nevatim Airbase: hangar and taxiway damaged (20-32 impacts confirmed by satellite); Tel Nof Airbase: several impacts; Gedera: school building hit,IRGC Aerospace Force launch sites in western Iran,33.5,50.0,False,30.89,34.78,False,True,False,False,False,False,False,False,False,False,False
tp2_w02,tp2,True Promise 2 (Oct 2024),TP2,2,TP2 Wave 2 — Second Ballistic Salvo (Fattah-1),"The second wave of TP2 targeted the Mossad/Unit 8200 headquarters complex at Glilot north of Tel Aviv, marking the first Iranian strike aimed at Israeli intelligence infrastructure. Nevatim and Tel Nof airbases were also targeted again. Two fatalities were reported — the first confirmed deaths from a direct Iranian strike on Israel. The all-ballistic approach of TP2 demonstrated Iran's evolving understanding that fast-moving missiles were more effective at penetrating Israeli defenses than the mixed salvos of TP1.","Time: 2024-10-01T16:45:00Z | Payload: Fattah-1 hypersonic missiles, Emad, Kheibar Shekan ballistic missiles | Munitions: 100 | Casualties: 1 killed, 4 wounded | Damage: Missiles landed near Mossad/Unit 8200 HQ (~500m); homes and restaurant damaged in north Tel Aviv area; additional impact...",launch,2024-10-01T16:45:00Z,1727801100000,1,"Fattah-1 hypersonic missiles, Emad, Kheibar Shekan ballistic missiles",False,True,False,100,False,True,False,"IL, JO, PS","Israel, Jordan, Palestine","Mossad/Unit 8200 HQ at Glilot (north Tel Aviv), Nevatim Airbase, Tel Nof Airbase",,,1,4,Missiles landed near Mossad/Unit 8200 HQ (~500m); homes and restaurant damaged in north Tel Aviv area; additional impacts at Nevatim and Tel Nof,IRGC Aerospace Force launch sites in western Iran,33.5,50.0,False,32.15,34.79,False,True,False,False,False,True,False,True,False,False,False
tp3_w01,tp3,True Promise 3 (Jun 2025),TP3,1,"TP3 Wave 1 — ~100 ballistic missiles, drones","The opening salvo of the Twelve-Day War. Launched on 13 June 2025, this wave targeted military centres and air bases across Israel with ballistic missiles. It marked the beginning of Iran's most sustained aerial campaign to date, which would continue for 22 waves over 12 days.","Time: 2025-06-13T18:30:00Z | Payload: ~100 ballistic missiles, drones | Munitions: 100 | Damage: Serious damage to sensitive military centers in Tel Aviv area",launch,2025-06-13T18:30:00Z,1749839400000,1,"~100 ballistic missiles, drones",True,True,False,100,False,True,False,IL,Israel,"Military centers, air bases",,,,,Serious damage to sensitive military centers in Tel Aviv area,Western Iran,34.31,47.07,True,31.66,34.78,True,True,False,False,False,False,False,False,False,False,False
tp3_w02,tp3,True Promise 3 (Jun 2025),TP3,2,"TP3 Wave 2 — Ballistic missiles, drones","The second wave shifted targeting to Haifa and the Galilee region in northern Israel, expanding the geographic scope beyond the southern airbases that dominated TP1 and TP2. Ballistic missiles were used alongside drone swarms for the first time in TP3.","Time: 2025-06-13T19:30:00Z | Payload: Ballistic missiles, drones | Damage: State of emergency declared across Israel",launch,2025-06-13T19:30:00Z,1749843000000,1,"Ballistic missiles, drones",True,True,False,,False,True,False,IL,Israel,"Haifa, Galilee",,,,,State of emergency declared across Israel,Western Iran,34.31,47.07,True,32.835,35.25,True,False,False,False,False,False,False,False,False,False,False
tp3_w03,tp3,True Promise 3 (Jun 2025),TP3,3,TP3 Wave 3 — Ya Ali ibn Abi Talib,A significant wave that Iran claimed penetrated multiple Israeli defense layers and struck targets in the occupied territories. This represented an escalation in Iranian rhetoric about the effectiveness of their strikes.,Time: 2025-06-14T15:00:00Z | Payload: Dozens of missiles and drones,launch,2025-06-14T15:00:00Z,1749913200000,2,Dozens of missiles and drones,True,True,False,,False,True,False,IL,Israel,Occupied territories — penetrated multiple defense layers,,,,,,Western Iran,34.31,47.07,True,32.07,34.77,True,False,False,False,False,False,False,False,False,False,False
tp3_w04,tp3,True Promise 3 (Jun 2025),TP3,4,TP3 Wave 4 — Ballistic missiles,"A multi-city bombardment targeting both Tel Aviv and Haifa simultaneously, forcing Israel to defend across a wide geographic front. This dual-axis approach became a hallmark of TP3's middle waves.",Time: 2025-06-14T19:00:00Z | Payload: Ballistic missiles | Damage: Continued escalation — strikes on urban areas,launch,2025-06-14T19:00:00Z,1749927600000,2,Ballistic missiles,False,True,False,,False,True,False,IL,Israel,"Tel Aviv, Haifa, other cities",,,,,Continued escalation — strikes on urban areas,Western Iran,34.31,47.07,True,32.445,34.885,True,False,False,False,False,False,False,False,False,True,False
tp3_w05,tp3,True Promise 3 (Jun 2025),TP3,5,TP3 Wave 5 — Ballistic missiles,This wave marked the first targeting of critical civilian infrastructure — specifically the Haifa oil refinery — alongside military targets. The expansion to economic infrastructure signalled an escalation in Iranian targeting doctrine.,Time: 2025-06-15T05:00:00Z | Payload: Ballistic missiles | Damage: Haifa oil refinery directly hit and shut down,launch,2025-06-15T05:00:00Z,1749963600000,3,Ballistic missiles,False,True,False,,False,True,False,IL,Israel,"Haifa oil refinery, military targets",,,,,Haifa oil refinery directly hit and shut down,Western Iran,34.31,47.07,True,32.82,35.0,True,False,False,False,False,False,False,False,True,False,False
tp3_w06,tp3,True Promise 3 (Jun 2025),TP3,6,TP3 Wave 6 — Missiles,"A wave targeting Israeli command and control centres in Haifa and Tel Aviv. Bat Yam, south of Tel Aviv, was struck — one of the first confirmed impacts in a densely populated residential area during TP3.","Time: 2025-06-15T15:00:00Z | Payload: Missiles | Casualties: 9 killed, 200 wounded | Damage: Bat Yam residential building struck — 9 killed (incl. 5 Ukrainian nationals), 200+ injured, 61 buildings damaged. Worst ...",launch,2025-06-15T15:00:00Z,1749999600000,3,Missiles,False,True,False,,False,True,False,IL,Israel,"Israeli C2 centers, Haifa, Tel Aviv; Bat Yam struck",,,9,200,"Bat Yam residential building struck — 9 killed (incl. 5 Ukrainian nationals), 200+ injured, 61 buildings damaged. Worst single incident of the war.",Western Iran,34.31,47.07,True,32.445,34.885,True,False,False,False,False,True,False,False,False,True,False
tp3_w07,tp3,True Promise 3 (Jun 2025),TP3,7,TP3 Wave 7 — Missiles,"Iran claimed this wave used enhanced intelligence-guided targeting against Tel Aviv and Haifa, suggesting improved battle damage assessment and target refinement from earlier waves. This indicated a feedback loop between Iranian ISR and strike planning.",Time: 2025-06-16T04:00:00Z | Payload: Missiles,launch,2025-06-16T04:00:00Z,1750046400000,4,Missiles,False,True,False,,False,True,False,IL,Israel,"Tel Aviv, Haifa — enhanced intelligence-guided targeting",,,,,,Western Iran,34.31,47.07,True,32.445,34.885,True,False,False,False,False,False,False,True,False,False,False
tp3_w08,tp3,True Promise 3 (Jun 2025),TP3,8,TP3 Wave 8 — Hundreds of missiles,"Targeting described as strategic and sensitive sites in Tel Aviv and Haifa, with specific focus on C2 (command and control) systems. The progressive focus on C2 nodes suggested an attempt to degrade Israeli coordination capabilities.",Time: 2025-06-16T00:00:00Z | Payload: Hundreds of missiles | Damage: Targeted command and control systems,launch,2025-06-16T00:00:00Z,1750032000000,4,Hundreds of missiles,False,True,False,,False,True,False,IL,Israel,"Strategic/sensitive targets in Tel Aviv, Haifa — C2 systems targeted",,,,,Targeted command and control systems,Western Iran,34.31,47.07,True,32.445,34.885,True,False,False,False,False,True,False,False,False,False,False
tp3_w09,tp3,True Promise 3 (Jun 2025),TP3,9,TP3 Wave 9 — Missiles,"A continuation wave maintaining pressure on Haifa and Tel Aviv. By this point in the campaign, the sustained tempo was testing Israeli air defense ammunition stocks and crew endurance.",Time: 2025-06-16T12:00:00Z | Payload: Missiles,launch,2025-06-16T12:00:00Z,1750075200000,4,Missiles,False,True,False,,False,True,False,IL,Israel,"Haifa, Tel Aviv — continued bombardment",,,,,,Western Iran,34.31,47.07,True,32.445,34.885,True,False,False,False,False,False,False,False,False,False,False
tp3_w10,tp3,True Promise 3 (Jun 2025),TP3,10,TP3 Wave 10 — Large-scale missile barrage,"This wave specifically targeted Israeli airbases from which jets had launched strikes against Iran, marking a direct retaliatory link between Israeli offensive operations and Iranian target selection.",Time: 2025-06-17T08:00:00Z | Payload: Large-scale missile barrage | Damage: Nevatim Airbase absorbed ~32 MRBMs; direct hit on hardened F-35I shelter (IDF claimed no aircraft damaged). Glilot intel...,launch,2025-06-17T08:00:00Z,1750147200000,5,Large-scale missile barrage,False,True,False,,False,True,False,IL,Israel,Israeli airbases from which jets attacked Iran,,,,,Nevatim Airbase absorbed ~32 MRBMs; direct hit on hardened F-35I shelter (IDF claimed no aircraft damaged). Glilot intel base hit. Tel Nof base hit. Kirya HQ damaged.,Western Iran,34.31,47.07,True,32.0567,35.02,True,True,False,False,False,False,False,False,False,False,False
tp3_w11,tp3,True Promise 3 (Jun 2025),TP3,11,"TP3 Wave 11 — Fattah-1 (first combat use in TP3), Emad, Ghadr, others",A tactically significant wave that used Fattah hypersonic missiles to target and reportedly destroy Israeli air defense radar systems. Iran framed this as a SEAD (Suppression of Enemy Air Defenses) operation designed to clear the path for follow-on missile waves — a doctrinal first for Iranian forces.,"Time: 2025-06-17T23:00:00Z | Payload: Fattah-1 (first combat use in TP3), Emad, Ghadr, others | Damage: Fattah-1 used to destroy air defense radar systems",launch,2025-06-17T23:00:00Z,1750201200000,5,"Fattah-1 (first combat use in TP3), Emad, Ghadr, others",False,True,False,,False,True,False,IL,Israel,"Air defense radars, military targets — Fattah used to destroy radar systems, clearing path for follow-on missiles",,,,,Fattah-1 used to destroy air defense radar systems,Western Iran,34.31,47.07,True,31.25,34.79,True,False,False,False,False,False,False,True,False,False,False
tp3_w12,tp3,True Promise 3 (Jun 2025),TP3,12,"TP3 Wave 12 — Sejjil (~8 missiles, first combat deployment), other MRBMs","The first combat use of Iran's Sejjil two-stage solid-fuel ballistic missile against Tel Aviv. The Sejjil's longer range and faster flight time represented a qualitative escalation in the weapons employed. These ultra-heavy, long-range missiles were designed to stress Israel's upper-tier Arrow interceptors.","Time: 2025-06-19T18:00:00Z | Payload: Sejjil (~8 missiles, first combat deployment), other MRBMs | Munitions: 8",launch,2025-06-19T18:00:00Z,1750356000000,7,"Sejjil (~8 missiles, first combat deployment), other MRBMs",False,True,False,8,False,True,False,IL,Israel,"Tel Aviv — ultra-heavy, long-range, two-stage Sejjil missiles",,,,,,Central/western Iran,34.31,47.07,True,32.07,34.77,True,False,False,False,False,False,False,False,False,False,False
tp3_w13,tp3,True Promise 3 (Jun 2025),TP3,13,TP3 Wave 13 — Missiles and drones,A wave targeting military sites and military industrial facilities in the Haifa and Tel Aviv areas. The targeting of defense industry suggested an attempt to degrade Israel's capacity to sustain military operations and replenish interceptor stocks.,Time: 2025-06-20T00:00:00Z | Payload: Missiles and drones,launch,2025-06-20T00:00:00Z,1750377600000,8,Missiles and drones,True,True,False,,False,True,False,IL,Israel,"Military sites, military industry in Haifa/Tel Aviv",,,,,,Western Iran,34.31,47.07,True,32.445,34.885,True,False,False,False,False,False,True,False,False,False,False
tp3_w14,tp3,True Promise 3 (Jun 2025),TP3,14,TP3 Wave 14 — Missiles and drones,Continued strikes on military and industrial facilities. The sustained nature of the campaign by this point — over a week of near-daily waves — was unprecedented in modern missile warfare.,Time: 2025-06-20T08:00:00Z | Payload: Missiles and drones,launch,2025-06-20T08:00:00Z,1750406400000,8,Missiles and drones,True,True,False,,False,True,False,IL,Israel,Military/industrial facilities,,,,,,Western Iran,34.31,47.07,True,32.445,34.885,True,False,False,False,False,False,False,False,False,False,False
tp3_w15,tp3,True Promise 3 (Jun 2025),TP3,15,TP3 Wave 15 — New-generation missiles,"Iran announced this wave as a new phase of the campaign, suggesting a deliberate operational pause and reassessment before resuming strikes. Military targets remained the stated focus.",Time: 2025-06-20T12:00:00Z | Payload: New-generation missiles,launch,2025-06-20T12:00:00Z,1750420800000,8,New-generation missiles,False,True,False,,False,True,False,IL,Israel,Military targets — new phase of campaign,,,,,,Western Iran,34.31,47.07,True,,,,False,False,False,False,False,False,False,False,False,False
tp3_w16,tp3,True Promise 3 (Jun 2025),TP3,16,TP3 Wave 16 — Missiles,"A military-focused wave continuing the declared new phase. The cumulative effect of 16 waves was placing enormous strain on Israel's interceptor stockpiles, particularly Arrow-3 and David's Sling missiles.",Time: 2025-06-20T20:00:00Z | Payload: Missiles,launch,2025-06-20T20:00:00Z,1750449600000,8,Missiles,False,True,False,,False,True,False,IL,Israel,Military targets,,,,,,Western Iran,34.31,47.07,True,,,,False,False,False,False,False,False,False,False,False,False
tp3_w17,tp3,True Promise 3 (Jun 2025),TP3,17,TP3 Wave 17 — Missiles,Strikes on military and strategic targets. The campaign had by this point settled into a pattern of daily waves designed to maintain continuous pressure rather than achieve a single decisive blow.,Time: 2025-06-21T06:00:00Z | Payload: Missiles,launch,2025-06-21T06:00:00Z,1750485600000,9,Missiles,False,True,False,,False,True,False,IL,Israel,Military/strategic targets,,,,,,Western Iran,34.31,47.07,True,,,,False,False,False,False,False,False,False,False,False,False
tp3_w18,tp3,True Promise 3 (Jun 2025),TP3,18,TP3 Wave 18 — Shahed-136 drones and precision missiles — new innovations i...,"One of the most significant waves of TP3, targeting 14 named strategic military sites including the Hadera power plant, Haifa oil refinery, Ovda airbase (home to cyber command), the Kiryat Gat semiconductor zone, and the Rafael advanced defense systems centre in Haifa. This wave demonstrated detailed Iranian intelligence on Israeli critical infrastructure.","Time: 2025-06-21T14:00:00Z | Payload: Shahed-136 drones and precision missiles — new innovations in missile selection, target choice, and guidance paths | Casualties: 3 killed, 0 wounded | Damage: 14 strategic military sites targeted including Hadera power plant, Haifa oil refinery, Ovda airbase (cyber command), Kir...",launch,2025-06-21T14:00:00Z,1750514400000,9,"Shahed-136 drones and precision missiles — new innovations in missile selection, target choice, and guidance paths",True,True,False,,False,True,False,IL,Israel,"14 strategic military sites: Hadera power plant, Haifa oil refinery, Ovda airbase (cyber command), Kiryat Gat semiconductor zone, Rafael center Haifa",,,3,,"14 strategic military sites targeted including Hadera power plant, Haifa oil refinery, Ovda airbase (cyber command), Kiryat Gat semiconductor zone, Rafael center Haifa. Bazan Oil Refinery struck (3 killed, refinery shut down). Haifa Power Plant struck (fire).",Western Iran,34.31,47.07,True,31.62,35.06,True,True,False,False,False,False,True,False,True,False,False
tp3_w19,tp3,True Promise 3 (Jun 2025),TP3,19,TP3 Wave 19 — Combined missiles and drones — large combined operation,Described by Iran as a large combined operation against strategic targets. This wave involved both drone swarms and ballistic missiles in a coordinated strike designed to saturate defenses from multiple vectors simultaneously.,Time: 2025-06-22T06:00:00Z | Payload: Combined missiles and drones — large combined operation,launch,2025-06-22T06:00:00Z,1750572000000,10,Combined missiles and drones — large combined operation,True,True,False,,False,True,False,IL,Israel,Strategic targets — large combined operation,,,,,,Western Iran,34.31,47.07,True,32.445,34.885,True,False,False,False,False,False,False,False,False,False,False
tp3_w20,tp3,True Promise 3 (Jun 2025),TP3,20,"TP3 Wave 20 — 40 missiles (solid + liquid fuel), Kheibar Shekan multi-warh...","A major escalation targeting Ben Gurion Airport (Israel's primary international airport), biological research centres, and C2 facilities. Striking the airport represented a direct threat to Israel's connectivity with the outside world and its ability to receive military resupply.","Time: 2025-06-22T10:00:00Z | Payload: 40 missiles (solid + liquid fuel), Kheibar Shekan multi-warhead variant (first use) | Munitions: 40 | Damage: Ben Gurion Airport temporarily shut down; flight diversions for 36 hours",launch,2025-06-22T10:00:00Z,1750586400000,10,"40 missiles (solid + liquid fuel), Kheibar Shekan multi-warhead variant (first use)",False,True,False,40,False,True,False,IL,Israel,"Ben Gurion Airport, biological research centers, C2 facilities",,,,,Ben Gurion Airport temporarily shut down; flight diversions for 36 hours,Central/western Iran,34.31,47.07,True,32.07,34.77,True,False,False,False,False,True,False,False,True,False,False
tp3_w21,tp3,True Promise 3 (Jun 2025),TP3,21,"TP3 Wave 21 — Kheibar/Qadr-H multi-warhead (first use), new-gen missiles",Iran claimed new tactics for precision and destructiveness in this wave against military and strategic targets. The language suggested the introduction of updated guidance systems or warhead configurations refined based on lessons from earlier waves.,"Time: 2025-06-23T09:00:00Z | Payload: Kheibar/Qadr-H multi-warhead (first use), new-gen missiles",launch,2025-06-23T09:00:00Z,1750669200000,11,"Kheibar/Qadr-H multi-warhead (first use), new-gen missiles",False,True,False,,False,True,False,IL,Israel,Military/strategic targets — new tactics for precision and destructiveness,,,,,,Central/western Iran,34.31,47.07,True,32.07,34.77,True,False,False,False,False,False,False,False,False,False,False
tp3_w22,tp3,True Promise 3 (Jun 2025),TP3,22,TP3 Wave 22 — 14 missiles — final wave before ceasefire,"The final wave of the Twelve-Day War, striking military and logistical centres in the last minutes before a US-brokered ceasefire took effect. The timing — launching right up to the ceasefire deadline — was a deliberate signal of Iranian resolve and willingness to continue. Over 22 waves, TP3 had launched an estimated 1,600–1,800 munitions at Israel.","Time: 2025-06-24T03:30:00Z | Payload: 14 missiles — final wave before ceasefire | Munitions: 14 | Casualties: 4 killed, 20 wounded | Damage: Beersheba residential building struck at 5:40am IST. 4 killed, 20 injured. Final missiles until 7:10am. IRGC called it a...",launch,2025-06-24T03:30:00Z,1750735800000,12,14 missiles — final wave before ceasefire,False,True,False,14,False,True,False,IL,Israel,Military and logistical centers — final wave minutes before US-brokered ceasefire,,,4,20,"Beersheba residential building struck at 5:40am IST. 4 killed, 20 injured. Final missiles until 7:10am. IRGC called it a 'historic lesson'.",Western Iran,34.31,47.07,True,31.25,34.79,True,False,False,False,False,False,False,False,False,False,False
tp4_w01,tp4,True Promise 4 (Feb–Mar 2026),TP4,1,"TP4 Wave 1 — Emad and Ghadr ballistic missiles, Shahed-136 drones","The opening wave of True Promise 4 on 28 February 2026 marked a fundamental expansion of Iran's targeting doctrine. For the first time, US military facilities in the Persian Gulf were targeted alongside Israeli sites — including the USN Fifth Fleet headquarters in Bahrain, Port Jebel Ali in the UAE, and Duqm port in Oman. Nevatim Airbase and Tel Aviv were also hit. This wave shattered the geographic boundaries of the conflict.","Time: 2026-02-28T18:30:00Z | Payload: Emad and Ghadr ballistic missiles, Shahed-136 drones | Casualties: 2 killed, 21 wounded | Damage: Impacts reported in Tel Aviv (1 fatality, 21 injuries) and Bnei Brak (several injuries). Damage to US facilities in Gulf...",launch,2026-02-28T18:30:00Z,1772303400000,1,"Emad and Ghadr ballistic missiles, Shahed-136 drones",True,True,False,,False,True,True,"AE, BH, IL, IQ, JO, OM, QA","Bahrain, Iraq, Israel, Jordan, Oman, Qatar, United Arab Emirates","Nevatim airbase, Tel Aviv, US military facilities in Persian Gulf; USN Fifth Fleet HQ Bahrain; Port Jebel Ali UAE; Duqm port Oman (2 drones, 1 injured); Tankers off Oman coast",,,2,21,"Impacts reported in Tel Aviv (1 fatality, 21 injuries) and Bnei Brak (several injuries). Damage to US facilities in Gulf region.",Multiple sites in western Iran including Kermanshah and Tabriz regions,34.31,47.07,False,31.07,34.79,False,True,True,True,True,False,False,False,False,False,False
tp4_w02,tp4,True Promise 4 (Feb–Mar 2026),TP4,2,"TP4 Wave 2 — Ballistic missiles, Shahed-136 drones","The second wave struck Tel Aviv and US bases in Iraq, confirming that the TP4 expansion to American targets was not a one-off escalation but a sustained new doctrine. The targeting of Iraq-based US forces opened a second geographic axis.","Time: 2026-02-28T21:00:00Z | Payload: Ballistic missiles, Shahed-136 drones",launch,2026-02-28T21:00:00Z,1772312400000,1,"Ballistic missiles, Shahed-136 drones",True,True,False,,False,True,True,"IL, IQ","Iraq, Israel","Tel Aviv, US bases in Iraq",,,0,0,,Western Iran,34.31,47.07,False,32.07,34.77,True,False,True,False,False,False,False,False,False,False,False
tp4_w03,tp4,True Promise 4 (Feb–Mar 2026),TP4,3,"TP4 Wave 3 — Advanced ballistic missiles, drones, cruise missiles","A massive multi-axis wave targeting the Israeli naval base and warship dock in Haifa, Ramat David Air Base, the HaKirya military headquarters in Tel Aviv, and multiple US/coalition bases across Kuwait, Iraq, and Saudi Arabia. Notably, the French base Camp de la Paix in Abu Dhabi was also targeted — expanding the conflict to non-US coalition forces. Etihad Towers in Abu Dhabi and the Crowne Plaza Hotel in Manama were struck, raising civilian casualty concerns.","Time: 2026-02-28T23:45:00Z | Payload: Advanced ballistic missiles, drones, cruise missiles | Munitions: 35 | Damage: Abdullah Al-Mubarak Air Base in Kuwait reportedly disabled. Damage to Harir base in Iraq.",launch,2026-02-28T23:45:00Z,1772322300000,1,"Advanced ballistic missiles, drones, cruise missiles",True,True,True,35,False,True,True,"AE, BH, IL, IQ, JO, KW, SA","Bahrain, Iraq, Israel, Jordan, Kuwait, Saudi Arabia, United Arab Emirates","Israeli naval base in Haifa, warship dock in Haifa, Ramat David Air Base, HaKirya (Ministry of War) Tel Aviv, Abdullah Al-Mubarak Air Base Kuwait, Harir base Iraq, Prince Sultan Air Base Saudi Arabia; Crowne Plaza Hotel Manama Bahrain; Etihad Towers Abu Dhabi (drone intercepted, debris damage); French base Camp de la Paix Abu Dhabi; Al-Salam Naval Base Abu Dhabi; Saudi oil refinery",,,0,0,Abdullah Al-Mubarak Air Base in Kuwait reportedly disabled. Damage to Harir base in Iraq.,Western and southwestern Iran,34.31,47.07,False,32.58,35.09,True,True,True,True,True,True,False,False,True,True,False
tp4_w04,tp4,True Promise 4 (Feb–Mar 2026),TP4,4,"TP4 Wave 4 — Kheibar Shekan ballistic missiles, drones",Strikes on the Beit Shams and Ishtod military-industrial complexes in Israel alongside US bases in Kuwait and Iraq. The targeting of defense industrial facilities echoed TP3's attempts to degrade Israeli military production capacity.,"Time: 2026-03-01T01:00:00Z | Payload: Kheibar Shekan ballistic missiles, drones | Damage: Continued strikes on Gulf and Israeli targets",launch,2026-03-01T01:00:00Z,1772326800000,2,"Kheibar Shekan ballistic missiles, drones",True,True,False,,False,True,True,"IL, IQ, KW","Iraq, Israel, Kuwait","Beit Shams military-industrial complex, Ishtod military-industrial complex, US bases in Kuwait and Iraq",,,0,0,Continued strikes on Gulf and Israeli targets,Western Iran,34.31,47.07,False,31.66,34.78,True,False,True,False,False,False,True,False,False,False,False
tp4_w05,tp4,True Promise 4 (Feb–Mar 2026),TP4,5,"TP4 Wave 5 — Ballistic missiles, drones, cruise missiles","A maritime-focused wave targeting American vessels in the Indian Ocean and the Abdullah Mubarak naval base in Kuwait. Two missiles were reportedly fired towards British bases on Cyprus, though this was denied by the Cyprus Ministry of Defence. If confirmed, this would represent the first targeting of European territory.","Time: 2026-03-01T04:00:00Z | Payload: Ballistic missiles, drones, cruise missiles | Damage: IRGC claims strikes on American vessels and Abdullah Mubarak naval base in Kuwait. Oil tanker reportedly struck in India...",launch,2026-03-01T04:00:00Z,1772337600000,2,"Ballistic missiles, drones, cruise missiles",True,True,True,,False,False,True,"CY, IO, KW","British Indian Ocean Territory, Cyprus, Kuwait","American vessels in Indian Ocean, Abdullah Mubarak naval base Kuwait; Two missiles fired towards British bases on Cyprus (denied by Cyprus MoD)",,,0,0,IRGC claims strikes on American vessels and Abdullah Mubarak naval base in Kuwait. Oil tanker reportedly struck in Indian Ocean.,"Western Iran, IRGC naval positions",34.31,47.07,True,29.24,47.97,True,False,True,True,True,False,False,False,False,False,False
tp4_w06,tp4,True Promise 4 (Feb–Mar 2026),TP4,6,"TP4 Wave 6 — Ballistic missiles, drones","Strikes on Tel Nof Air Base, the HaKirya headquarters complex (IDF General Staff and Ministry of Defense) in Tel Aviv, and the Israeli Navy base and military naval yard in Haifa. This wave concentrated on high-value Israeli military command nodes.","Time: 2026-03-01T08:00:00Z | Payload: Ballistic missiles, drones | Damage: IRGC claims hits on Tel Nof Air Base, HaKirya HQ, and Haifa naval installations",launch,2026-03-01T08:00:00Z,1772352000000,2,"Ballistic missiles, drones",True,True,False,,False,True,False,IL,Israel,"Tel Nof Air Base, HaKirya headquarters (Israeli Defense Ministry/military command) Tel Aviv, Israeli Navy base Haifa, Haifa military naval yard",,,0,0,"IRGC claims hits on Tel Nof Air Base, HaKirya HQ, and Haifa naval installations",Western Iran,34.31,47.07,False,32.445,34.885,True,True,False,True,False,True,False,False,False,False,False
tp4_w07,tp4,True Promise 4 (Feb–Mar 2026),TP4,7,"TP4 Wave 7 — Ballistic missiles, drones, cruise missiles","One of TP4's most geographically dispersed waves. Targets included US and British oil tankers in the Persian Gulf and Strait of Hormuz, multiple naval bases in Kuwait and Bahrain, the USS Abraham Lincoln carrier, Prince Sultan Airbase and King Khalid International Airport in Saudi Arabia, and an AWS data centre in the UAE. The targeting of cloud computing infrastructure was unprecedented.","Time: 2026-03-01T14:00:00Z | Payload: Ballistic missiles, drones, cruise missiles | Damage: Three US/British oil tankers in Persian Gulf struck and reportedly engulfed in fire. Ali Al-Salem naval base Kuwait shut...",launch,2026-03-01T14:00:00Z,1772373600000,2,"Ballistic missiles, drones, cruise missiles",True,True,True,,False,True,True,"AE, BH, IL, IO, KW, SA","Bahrain, British Indian Ocean Territory, Israel, Kuwait, Saudi Arabia, United Arab Emirates","US/British oil tankers in Persian Gulf/Strait of Hormuz, Ali Al-Salem naval base Kuwait, Mohammed Al-Ahmad Naval Base Kuwait, Mina Salman US naval base Bahrain, USS Abraham Lincoln; Prince Sultan Airbase and King Khalid International Airport Saudi Arabia (intercepted); AWS data center UAE",,,0,0,Three US/British oil tankers in Persian Gulf struck and reportedly engulfed in fire. Ali Al-Salem naval base Kuwait shut down. Heavy damage to US base in Bahrain.,"Western Iran, IRGC naval positions",34.31,47.07,True,29.35,47.52,True,True,True,True,True,False,False,False,True,False,False
tp4_w08,tp4,True Promise 4 (Feb–Mar 2026),TP4,8,"TP4 Wave 8 — Ballistic missiles, drones",A continuation wave maintaining strikes on American and Israeli targets across regional US bases. The sustained tempo of TP4 — multiple waves per day — was designed to exhaust defensive systems and complicate coalition force protection.,"Time: 2026-03-01T18:00:00Z | Payload: Ballistic missiles, drones | Damage: IRGC claims 560 US military killed/wounded across waves 7-8 (unverified). Continued tanker fires.",launch,2026-03-01T18:00:00Z,1772388000000,2,"Ballistic missiles, drones",True,True,False,,False,True,True,"BH, IL, KW","Bahrain, Israel, Kuwait","Continued strikes on American and Israeli targets, regional US bases",,,0,0,IRGC claims 560 US military killed/wounded across waves 7-8 (unverified). Continued tanker fires.,Western Iran,34.31,47.07,True,,,,False,True,False,False,False,False,False,False,False,False
tp4_w09,tp4,True Promise 4 (Feb–Mar 2026),TP4,9,"TP4 Wave 9 — Ballistic missiles, drones","Multi-domain strikes on US naval assets, Israeli defense systems, and drone operations across multiple regions. RAF Akrotiri in Cyprus was struck — one drone hit the airfield and five were intercepted, causing minor damage. This confirmed the expansion of Iranian targeting to European-administered military facilities.","Time: 2026-03-01T22:00:00Z | Payload: Ballistic missiles, drones | Casualties: 9 killed, 40 wounded | Damage: IRGC claims strikes on 60 strategic targets and 500 combined US/Israeli sites since operation start. Cluster munition wa...",launch,2026-03-01T22:00:00Z,1772402400000,2,"Ballistic missiles, drones",True,True,False,,False,True,True,"BH, CY, IL, KW, QA","Bahrain, Cyprus, Israel, Kuwait, Qatar","US naval assets, Israeli defense systems, drones across multiple regions; RAF Akrotiri Cyprus (1 drone hit airfield, 5 intercepted, minor damage)",,,9,40,IRGC claims strikes on 60 strategic targets and 500 combined US/Israeli sites since operation start. Cluster munition warhead strike near Tel Aviv injured 12.,Western Iran,34.31,47.07,True,32.07,34.77,True,False,False,False,True,False,False,False,False,False,False
tp4_w10,tp4,True Promise 4 (Feb–Mar 2026),TP4,10,TP4 Wave 10 — Kheibar Shekan maneuvering ballistic missiles,"A decapitation-focused wave targeting the Israeli government complex in Tel Aviv, military and security centres in Haifa, East Jerusalem, and reportedly Netanyahu's office in Tel Aviv. A Saudi Aramco facility was also targeted. The explicit targeting of political leadership marked a new threshold in Iranian escalation.","Time: 2026-03-02T04:00:00Z | Payload: Kheibar Shekan maneuvering ballistic missiles | Casualties: 0 killed, 10 wounded | Damage: IRGC claims hits on Israeli government complex in Tel Aviv, military/security centers in Haifa, and East Jerusalem. Stri...",launch,2026-03-02T04:00:00Z,1772424000000,3,Kheibar Shekan maneuvering ballistic missiles,False,True,False,,False,True,False,"IL, SA","Israel, Saudi Arabia","Israeli government complex Tel Aviv, military/security centers Haifa, East Jerusalem; Netanyahu's office (Tel Aviv); Saudi Aramco facility",,,0,10,"IRGC claims hits on Israeli government complex in Tel Aviv, military/security centers in Haifa, and East Jerusalem. Strike in Beersheba injured at least 10.",Central Iran,33.5,52.0,True,32.09,34.78,False,False,False,False,False,True,False,False,True,False,False
tp4_w11,tp4,True Promise 4 (Feb–Mar 2026),TP4,11,"TP4 Wave 11 — Missiles, drones","The most geographically expansive wave of the entire conflict. Targets spanned US intelligence centres and military warehouses across the Gulf, an Israeli army communications complex in Be'er Sheva, over 20 sites in Tel Aviv, West Jerusalem, and the Galilee. Paphos Airport in Cyprus was evacuated, Akrotiri had sirens, Aramco's Ras Tanura refinery caught fire, Qatar LNG facilities were targeted, and the US-Jordanian embassy was evacuated. The wave demonstrated Iran's ability to threaten targets across an enormous geographic arc simultaneously.","Time: 2026-03-02T10:00:00Z | Payload: Missiles, drones | Damage: IRGC claims strikes on US intelligence centers, military support warehouses in Persian Gulf, Israeli army communications...",launch,2026-03-02T10:00:00Z,1772445600000,3,"Missiles, drones",True,True,False,,False,True,True,"AE, BH, CY, IL, JO, KW, OM, QA, SA","Bahrain, Cyprus, Israel, Jordan, Kuwait, Oman, Qatar, Saudi Arabia, United Arab Emirates","US intelligence centers and military support warehouses in Persian Gulf, Israeli army communications complex Beersheba, 20+ sites in Tel Aviv/West Jerusalem/Galilee; Paphos Airport Cyprus (evacuated); Akrotiri Cyprus (sirens); Aramco Ras Tanura Saudi Arabia (refinery fire); Qatar LNG facilities; Mina Salman port Bahrain; Duqm/Oman maritime targets; US-Jordanian embassy evacuated",,,0,0,"IRGC claims strikes on US intelligence centers, military support warehouses in Persian Gulf, Israeli army communications complex in Beersheba, 20+ points in Tel Aviv/West Jerusalem/Galilee",Western Iran,34.31,47.07,True,31.9875,35.07,True,False,True,True,False,False,False,True,True,False,True
tp4_w12,tp4,True Promise 4 (Feb–Mar 2026),TP4,12,"TP4 Wave 12 — 26 attack drones, 5 ballistic missiles, Fattah-2 hypersonic ...","Strikes on Camp Arifjan in Kuwait, the Al Minhad command centre in the UAE, US naval facilities in Bahrain, and the fuel tanker Athens Nova in the Strait of Hormuz. Port Fujairah in the UAE, Dubai (hit by a ballistic missile), and targets in Iraqi Kurdistan including Sulaymaniyah and Erbil were also struck. The targeting of Dubai with a ballistic missile was a major escalation.","Time: 2026-03-02T14:30:00Z | Payload: 26 attack drones, 5 ballistic missiles, Fattah-2 hypersonic missile | Munitions: 31 | Damage: IRGC Navy claims: Arifjan base Kuwait hit by 12 drones in two phases; Al Minhad base UAE hit by 6 drones and 5 ballistic...",launch,2026-03-02T14:30:00Z,1772461800000,3,"26 attack drones, 5 ballistic missiles, Fattah-2 hypersonic missile",True,True,False,31,False,False,True,"AE, BH, IO, IQ, KW","Bahrain, British Indian Ocean Territory, Iraq, Kuwait, United Arab Emirates","US Arifjan base Kuwait, US Al Minhad command center UAE, US naval facilities Bahrain, fuel tanker Athens Nova in Strait of Hormuz; Port Fujairah UAE; Dubai UAE (ballistic missile); Sulaymaniyah Iraqi Kurdistan; Erbil Iraq",,,0,0,IRGC Navy claims: Arifjan base Kuwait hit by 12 drones in two phases; Al Minhad base UAE hit by 6 drones and 5 ballistic missiles; US naval facilities Bahrain destroyed by 6 drones; fuel tanker Athens Nova in Strait of Hormuz struck by 2 drones and still burning.,"IRGC naval positions, western Iran",34.31,47.07,True,28.93,48.1,True,False,True,False,True,True,False,False,False,False,False
tp4_w13,tp4,True Promise 4 (Feb–Mar 2026),TP4,13,TP4 Wave 13 — UAVs/drones,"A focused wave targeting the US Navy Marine base at Camp Arifjan and Ali Al-Salem Air Base, both in Kuwait. The concentration on Kuwait-based US forces suggested targeted pressure on a specific coalition partner.",Time: 2026-03-02T19:00:00Z | Payload: UAVs/drones | Damage: IRGC claims strikes on US Marine Corps installations at Arifjan base Kuwait,launch,2026-03-02T19:00:00Z,1772478000000,3,UAVs/drones,True,False,False,,False,False,True,KW,Kuwait,"US Navy Marine base at Arifjan base Kuwait, Ali Al-Salim air base Kuwait",,,0,0,IRGC claims strikes on US Marine Corps installations at Arifjan base Kuwait,IRGC positions,33.5,48.5,True,28.93,48.1,True,True,True,False,True,False,False,False,False,False,False
tp4_w14,tp4,True Promise 4 (Feb–Mar 2026),TP4,14,"TP4 Wave 14 — 20 drones, 3 ballistic missiles","Strikes on Sheikh Isa Air Base in Bahrain and the US embassy in Riyadh, Saudi Arabia. Two drones struck the embassy compound causing a fire. The CIA headquarters in Riyadh was also reportedly hit by a drone. Saudi Arabia downed 9 drones. The targeting of diplomatic and intelligence facilities in a Gulf capital was a dramatic escalation.","Time: 2026-03-03T02:00:00Z | Payload: 20 drones, 3 ballistic missiles | Munitions: 23 | Damage: IRGC claims main command building and HQ of US air base destroyed; fuel tanks set on fire. 20 drones and 3 missiles clai...",launch,2026-03-03T02:00:00Z,1772503200000,4,"20 drones, 3 ballistic missiles",True,True,False,23,False,False,True,"BH, SA","Bahrain, Saudi Arabia","US air base Sheikh Isa area Bahrain; US embassy Riyadh Saudi Arabia (2 drones, fire); CIA headquarters Riyadh (drone hit); Saudi Arabia downed 9 drones",,,0,0,IRGC claims main command building and HQ of US air base destroyed; fuel tanks set on fire. 20 drones and 3 missiles claimed to have hit targets.,IRGC naval positions,26.5,53.0,True,25.92,50.59,True,True,True,False,False,False,False,True,False,False,True
tp4_w15,tp4,True Promise 4 (Feb–Mar 2026),TP4,15,TP4 Wave 15 — Ya Fatimah Al-Zahra,"A wave targeting Al-Udeid Air Base in Qatar — the largest US base in the Middle East — alongside Israeli positions. The US Consulate in Al Seef, Dubai was struck by drones causing a fire. The Fujairah Oil Industry Zone in the UAE and Hamad International Airport in Qatar were also targeted. AWS cloud facilities in the UAE and Bahrain were hit, disrupting regional internet services.","Time: 2026-03-03T16:00:00Z | Payload: Missiles, drones | Damage: Strikes on Al-Udeid Air Base Qatar and Israeli positions. IRGC claims 7 Israeli drones shot down (Hermes, Heron, MQ-9). ...",launch,2026-03-03T16:00:00Z,1772553600000,4,"Missiles, drones",True,True,False,,False,True,True,"AE, BH, IL, QA, SA","Bahrain, Israel, Qatar, Saudi Arabia, United Arab Emirates","Al-Udeid Air Base Qatar, Israeli positions; US Consulate Al Seef Dubai (drones, fire); Fujairah Oil Industry Zone UAE; Hamad International Airport Qatar (intercepted); AWS facilities UAE and Bahrain",,,0,0,"Strikes on Al-Udeid Air Base Qatar and Israeli positions. IRGC claims 7 Israeli drones shot down (Hermes, Heron, MQ-9). Fragmentation warhead detonation in Petah Tikva causing blast damage and injuries.",,33.5,48.5,True,32.07,34.77,True,True,True,False,False,False,False,False,True,False,True
tp4_w16,tp4,True Promise 4 (Feb–Mar 2026),TP4,16,"TP4 Wave 16 — 230 attack drones, missiles","A massive wave striking the HaKirya complex (IDF General Staff and Ministry of War) in Tel Aviv, strategic infrastructure in Bnei Brak, and military targets in Beit Hakfa. Hundreds of drones were launched towards Kuwait, Iraq, Saudi Arabia, and the UAE. Greek F-16s intercepted Shahed drones near Cyprus, and Turkish air defences engaged missiles over Hatay province — drawing NATO allies into active defensive roles.","Time: 2026-03-04T06:00:00Z | Payload: 230 attack drones, missiles | Damage: IRGC claims strikes on HaKirya (IDF general staff and Ministry of War), strategic infrastructure in Bnei Brak, military ...",launch,2026-03-04T06:00:00Z,1772604000000,5,"230 attack drones, missiles",True,True,False,,False,True,True,"AE, CY, IL, IQ, KW, SA, TR","Cyprus, Iraq, Israel, Kuwait, Saudi Arabia, Turkey, United Arab Emirates","HaKirya (IDF general staff and Ministry of War) Tel Aviv, strategic infrastructure Bnei Brak, military targets Beit Hakfa; Kuwait, Iraq, Saudi Arabia, UAE (hundreds of drones); Greek F-16s intercept Shahed drones near Cyprus; Turkish air defences intercept missiles over Hatay",,,0,0,"IRGC claims strikes on HaKirya (IDF general staff and Ministry of War), strategic infrastructure in Bnei Brak, military targets in Beit Hakfa","Western Iran, IRGC ground force positions",34.31,47.07,True,32.46,35.135,True,False,False,False,False,True,False,False,False,True,False
tp4_w17,tp4,True Promise 4 (Feb–Mar 2026),TP4,17,TP4 Wave 17 — Rasul Allah (Messenger of Allah),"Strikes on the Israeli Ministry of Defense building in Tel Aviv and Ben Gurion Airport. Iran claimed to have destroyed seven or more advanced US-supplied radar systems, potentially degrading Israel's early warning and tracking capabilities for subsequent waves.",Time: 2026-03-04T09:00:00Z | Payload: 40+ ballistic missiles,launch,2026-03-04T09:00:00Z,1772614800000,5,40+ ballistic missiles,False,True,False,,False,True,True,IL,Israel,American and Israeli targets; Israeli Ministry of Defense building (Tel Aviv); Ben Gurion Airport; 7+ advanced US radars destroyed,,,0,0,,Central/western Iran,34.31,47.07,True,32.07,34.77,True,False,False,False,False,True,False,True,True,False,False
tp4_w18,tp4,True Promise 4 (Feb–Mar 2026),TP4,18,TP4 Wave 18 — Ya Imam Hassan Mojtaba,A wave in the ongoing TP4 campaign. Details of specific targeting for this wave are still being confirmed through OSINT sources.,Payload: Ghadr-class ballistic missiles,launch,,,5,Ghadr-class ballistic missiles,,True,,,False,,,,,,,,0,0,,,33.5,48.5,True,,,,False,False,False,False,False,False,False,False,False,False
tp4_w19,tp4,True Promise 4 (Feb–Mar 2026),TP4,19,TP4 Wave 19 — Ya Hassan ibn Ali (peace be upon him),"A wide-ranging wave targeting the Israeli Defense Ministry complex in Tel Aviv, Ben Gurion Airport, Jerusalem, and US military positions in Kuwait, Bahrain, and Qatar. The USS Abraham Lincoln carrier was targeted again, alongside an Amazon data centre in Bahrain. The repeated targeting of cloud infrastructure reflected a deliberate Iranian strategy to impose economic costs on Gulf states hosting Western digital infrastructure.","Time: 2026-03-05T06:00:00Z | Payload: Khorramshahr-4 ballistic missiles (1-ton warheads), explosive drones | Damage: IRGC claims strikes on Israeli Defense Ministry Tel Aviv, Ben Gurion Airport, 7+ US/Israeli radar systems destroyed. One...",launch,2026-03-05T06:00:00Z,1772690400000,6,"Khorramshahr-4 ballistic missiles (1-ton warheads), explosive drones",True,True,False,,False,True,True,"BH, IL, KW, QA","Bahrain, Israel, Kuwait, Qatar","Israeli Defense Ministry complex Tel Aviv, Ben Gurion Airport, Jerusalem; US military positions in Kuwait, Bahrain, Qatar; USS Abraham Lincoln (CVN-72); Amazon data center Bahrain",,,0,0,"IRGC claims strikes on Israeli Defense Ministry Tel Aviv, Ben Gurion Airport, 7+ US/Israeli radar systems destroyed. One missile struck open area in central Israel. Amazon facility Bahrain allegedly suffered extensive damage.",,33.5,48.5,True,31.925,34.995,True,False,True,False,True,True,False,False,True,False,False
tp4_w20,tp4,True Promise 4 (Feb–Mar 2026),TP4,20,TP4 Wave 20 — Ya Mo'izz al-Mu'minin,A focused wave on Tel Aviv and surrounding central Israel. Sirens sounded across central Israel as this became the eighth Iranian attack since midnight — an unprecedented tempo of multiple waves within a single 24-hour period designed to exhaust air defense crews and deplete interceptor stocks.,"Payload: Kheibar Shekan ballistic missiles with cluster munition warheads (~20 submunitions per warhead, ~2.5 kg explosive each, ~8 km dispersal radius), drones | Damage: Missile fragments and submunitions from cluster bomb warhead impacted several areas in central Israel, causing damage. O...",launch,,,6,"Kheibar Shekan ballistic missiles with cluster munition warheads (~20 submunitions per warhead, ~2.5 kg explosive each, ~8 km dispersal radius), drones",True,True,False,,True,True,,IL,Israel,"Tel Aviv and surrounding area, central Israel. Sirens sounded across central Israel. Eighth Iranian attack since midnight.",,,0,0,"Missile fragments and submunitions from cluster bomb warhead impacted several areas in central Israel, causing damage. One impact site in a central town sparked a fire. Police confirmed cluster bomb warhead. Each submunition carries ~2.5 kg explosive, ~20 submunitions per warhead, dispersal radius ~8 km. Submunitions designed to explode on impact; unexploded submunitions pose landmine-like hazard.",,33.5,48.5,True,32.0853,34.7818,False,False,False,False,False,False,False,False,False,False,False
tp4_w21,tp4,True Promise 4 (Feb–Mar 2026),TP4,21,TP4 Wave 21 — Ya Mu'izz al-Mu'minin,A combined strike on Tel Aviv using simultaneous drone swarms and Kheibar Shekan cluster munition missiles. This wave was specifically designed to saturate and overwhelm Israel's multi-layered air defences by forcing them to engage both slow drones and fast ballistic missiles simultaneously while cluster submunitions complicated terminal defense.,"Time: 2026-03-06T04:00:00Z | Payload: Kheibar Shekan ballistic missiles with cluster munition warheads, suicide drone swarms | Damage: IRGC claims cluster warhead submunitions dispersed across target areas. No specific damage reports confirmed by Israeli ...",launch,2026-03-06T04:00:00Z,1772769600000,7,"Kheibar Shekan ballistic missiles with cluster munition warheads, suicide drone swarms",True,True,False,,True,True,,IL,Israel,Tel Aviv; combined drone swarms and Kheibar cluster missiles designed to saturate and overwhelm multi-layered air defences,,,0,0,IRGC claims cluster warhead submunitions dispersed across target areas. No specific damage reports confirmed by Israeli sources.,,33.5,48.5,True,32.0853,34.7818,False,False,False,False,False,False,False,False,False,False,False
tp4_w22,tp4,True Promise 4 (Feb–Mar 2026),TP4,22,TP4 Wave 22 — Ya Hossein ibn Ali (peace be upon him),"A retaliatory wave explicitly linked to the Minab school strike in Iran. Targets included Tel Aviv, Ben Gurion Airport, Israeli Air Force military centres in Haifa, and US/Israeli positions across the Gulf including Al Udeid Air Base in Qatar and Al Dhafra Air Base in the UAE. The explicit framing as retaliation for a specific incident marked a shift in Iranian public messaging.","Time: 2026-03-06T12:00:00Z | Payload: Khorramshahr-4 ballistic missiles (~1,500 kg warhead, Mach 16 exo-atmospheric / Mach 8 atmospheric), Kheibar Shekan ballistic missiles, Fattah hypersonic missiles, drones | Damage: IRGC claims strikes on Tel Aviv, Ben Gurion Airport, military centers in Haifa. Claims Al Udeid radar systems, air traff...",launch,2026-03-06T12:00:00Z,1772798400000,7,"Khorramshahr-4 ballistic missiles (~1,500 kg warhead, Mach 16 exo-atmospheric / Mach 8 atmospheric), Kheibar Shekan ballistic missiles, Fattah hypersonic missiles, drones",True,True,False,,False,True,True,"AE, IL, QA","Israel, Qatar, United Arab Emirates","Tel Aviv, Ben Gurion Airport, Israeli Air Force military centers in Haifa, US and Israeli positions across the Persian Gulf including Al Udeid Air Base (Qatar) and Al Dhafra Air Base (UAE). Retaliation for Minab school strike.",,,0,0,"IRGC claims strikes on Tel Aviv, Ben Gurion Airport, military centers in Haifa. Claims Al Udeid radar systems, air traffic control, satellite stations, and fuel depots obliterated. Claims Al Dhafra early warning radar and critical infrastructure destroyed by precision strikes and drone swarms. No confirmed Israeli casualties.",,33.5,48.5,True,32.445,34.885,True,True,True,False,False,False,False,False,True,False,False
tp4_w23,tp4,True Promise 4 (Feb–Mar 2026),TP4,23,TP4 Wave 23 — Ya Hasan ibn Ali,"A multi-country wave targeting four US bases in three countries: Sheikh Isa and NSA Bahrain/Juffair in Bahrain, Ali al-Salem in Kuwait, and al-Azraq (Muwaffaq Salti) in Jordan. In Israel, Be'er Sheva was targeted — specifically advanced technology centres, cybersecurity facilities, and military support centres. The focus on cyber/tech facilities in Be'er Sheva suggested targeting of Israel's 'Cyber Capital' cluster.","Time: 2026-03-06T20:31:00Z | Payload: New-generation solid- and liquid-fuel missiles (Khaibar-Shekan, Rezvan variants); drones",launch,2026-03-06T20:31:00Z,1772829060000,7,"New-generation solid- and liquid-fuel missiles (Khaibar-Shekan, Rezvan variants); drones",True,True,,,False,True,True,"AE, BH, IL, KW, QA, SA","Bahrain, Israel, Kuwait, Qatar, Saudi Arabia, United Arab Emirates","US bases: Sheikh Isa (Bahrain), Juffair (Bahrain), Ali al-Salem (Kuwait), al-Azraq (Jordan). Israel: Be'er Sheva (advanced technology centers, cybersecurity facilities, military support centers).",,,0,0,,,33.5,48.5,True,31.25,34.79,True,False,True,False,False,False,False,True,False,False,False
tp4_w24,tp4,True Promise 4 (Feb–Mar 2026),TP4,24,TP4 Wave 24 — Ya Mahdi,"A concentrated strike on Tel Aviv, described by Iran as targeting the heart of the occupied territories. At least three missile impacts were confirmed in Tel Aviv by Al Jazeera. The IRGC claimed strikes on strategic facilities. The high number of confirmed urban impacts indicated either improving Iranian accuracy or degraded Israeli interception capability.","Time: 2026-03-07T01:30:00Z | Payload: Kheibar Shekan, Emad, and Ghadr ballistic missiles | Munitions: 45 | Casualties: 0 killed, 5 wounded | Damage: Minor structural damage in Tel Aviv and Givatayim. Three missile impacts confirmed in Tel Aviv metro.",launch,2026-03-07T01:30:00Z,1772847000000,8,"Kheibar Shekan, Emad, and Ghadr ballistic missiles",,True,,45,True,True,True,IL,Israel,"Tel Aviv (""heart of the occupied territories""). At least 3 missile impacts confirmed in Tel Aviv per Al Jazeera. IRGC claimed strikes on strategic facilities.",,,0,5,Minor structural damage in Tel Aviv and Givatayim. Three missile impacts confirmed in Tel Aviv metro.,,33.5,48.5,True,32.07,34.77,True,False,False,False,False,False,False,False,False,True,False
tp4_w25,tp4,True Promise 4 (Feb–Mar 2026),TP4,25,TP4 Wave 25 — Al-Muqaddis / Ali ibn Abi Talib,"Strikes on joint US-Israeli military centres and logistical support at Al-Dhafra Air Base and Al-Minhad Air Base, both in the UAE. Iran claimed precision strikes on radar and satellite communications centres, suggesting continued SEAD operations to degrade coalition surveillance and early warning networks.","Time: 2026-03-07T10:35:00Z | Payload: Fateh, Imad (Emad), and strategic missiles; drones | Munitions: 60",launch,2026-03-07T10:35:00Z,1772879700000,8,"Fateh, Imad (Emad), and strategic missiles; drones",True,True,,60,False,True,True,"AE, IL","Israel, United Arab Emirates","Joint US-Israeli military centers and logistical support. Al-Dhafra Air Base (UAE), Al-Minhad Air Base (UAE). IRGC claimed precision strikes on radar and satellite comms centers.",,,0,0,,,33.5,48.5,True,32.85,35.5,True,True,True,False,False,False,False,True,False,False,False
tp4_w26,tp4,True Promise 4 (Feb–Mar 2026),TP4,26,TP4 Wave 26 — Ya Heydar Karrar,"Iran claimed targets from north to south of Israel were hit with precision. The Sdot Micha strategic military facility — believed to house Israel's nuclear-capable Jericho missile arsenal — was specifically targeted for its radar systems. Iran Army drones also struck Al-Minhad Air Base in the UAE and Camp Udairi in Kuwait, marking the regular Iranian Army's direct participation alongside the IRGC.","Time: 2026-03-07T15:15:00Z | Payload: New-generation Emad, Ghadr, and multi-warhead Kheibar missiles; drones | Munitions: 37 | Damage: Damage to radar installations at Sdot Micha. Sirens in Kiryat Shmona and Upper Galilee.",launch,2026-03-07T15:15:00Z,1772896500000,8,"New-generation Emad, Ghadr, and multi-warhead Kheibar missiles; drones",True,True,,37,True,True,True,"AE, IL, KW","Israel, Kuwait, United Arab Emirates",Targets from north to south of Israel hit with precision. Sdot Micha strategic military facility (radar). Also Iran army drone strikes against US bases: Al-Minhad Air Base (UAE) and Camp Udairi (Kuwait).,,,0,0,Damage to radar installations at Sdot Micha. Sirens in Kiryat Shmona and Upper Galilee.,,33.5,48.5,True,32.85,35.5,True,True,True,False,False,False,False,True,False,False,False
tp4_w27,tp4,True Promise 4 (Feb–Mar 2026),TP4,27,TP4 Wave 27 — Ya Fatimah al-Zahra,"Strikes on the Haifa oil refinery and US positions at Camp Udairi/Camp Buehring in Kuwait. Cluster warheads were confirmed over Israel, indicating the continued use of Kheibar Shekan or Khorramshahr-4 cluster munition variants designed to defeat terminal-phase interception by dispersing submunitions.","Time: 2026-03-07T19:45:00Z | Payload: Khorramshahr-4 heavy ballistic missiles, Fattah-2 hypersonic missiles, cluster warheads, suicide drones | Munitions: 30 | Damage: Iranian state media claimed drone swarm hit Haifa refinery causing large fires. Unconfirmed.",launch,2026-03-07T19:45:00Z,1772912700000,8,"Khorramshahr-4 heavy ballistic missiles, Fattah-2 hypersonic missiles, cluster warheads, suicide drones",True,True,,30,True,True,True,"IL, KW","Israel, Kuwait",Haifa oil refinery; US positions in Kuwait (Camp Udairi / Camp Buehring). Cluster warheads confirmed over Israel.,,,0,0,Iranian state media claimed drone swarm hit Haifa refinery causing large fires. Unconfirmed.,,33.5,48.5,True,32.82,35.0,True,False,True,False,False,False,False,False,True,False,False
tp4_w28,tp4,True Promise 4 (Feb–Mar 2026),TP4,28,"TP4 Wave 28 — Qadr, Emad (700kg-1 ton warheads), Kheibar Shekan ballistic ...","Day 9 of True Promise 4. Strikes on Tel Aviv, Be'er Sheva, and Al-Azraq Air Base in Jordan. The continued targeting of Jordanian-based US assets placed pressure on Jordan's political position as a key US partner that had participated in defending Israel during TP1.","Time: 2026-03-08T11:22:00Z | Payload: Qadr, Emad (700kg-1 ton warheads), Kheibar Shekan ballistic missiles (1,450 km range, terminal maneuverability) | Damage: Iranian media claimed direct ballistic missile impact in central Israel; large explosions reported in Tel Aviv. Unconfir...",launch,2026-03-08T11:22:00Z,1772968920000,9,"Qadr, Emad (700kg-1 ton warheads), Kheibar Shekan ballistic missiles (1,450 km range, terminal maneuverability)",False,True,False,,False,True,True,"IL, JO","Israel, Jordan",Tel Aviv; Be'er Sheva (Bir al-Sabe'); Al-Azraq Air Base (Jordan),,,,,Iranian media claimed direct ballistic missile impact in central Israel; large explosions reported in Tel Aviv. Unconfirmed independently.,Iran — IRGC Aerospace Force,33.5,48.5,True,31.66,34.78,True,True,True,False,False,False,False,False,False,False,False
tp4_w29,tp4,True Promise 4 (Feb–Mar 2026),TP4,29,TP4 Wave 29 — Ya Ali Ibn Abi Talib,"Day 9 continued. Strikes on Tel Aviv, the Negev region, and an unspecified US airbase. As the 29th wave of TP4 and the 55th wave of the overall conflict, this wave represented a level of sustained Iranian aerial bombardment that had no precedent in modern warfare.",Time: 2026-03-08T16:00:00Z | Payload: New generation of missiles (type unspecified),launch,2026-03-08T16:00:00Z,1772985600000,9,New generation of missiles (type unspecified),,True,,,False,True,True,IL,Israel,Tel Aviv; Naqab (Negev); US airbase in region (unspecified),,,,,,Iran — IRGC Aerospace Force,33.5,48.5,True,31.66,34.78,True,True,False,False,False,False,False,False,False,False,False
